{
  "V3-recon": {
    "sparse_native": true,
    "heat": {
      "A_train": 0.1752256155014038,
      "N32": -15.182746887207031,
      "N1024": 0.23415237665176392,
      "clust": -328.7217712402344,
      "jitter": 0.1782415509223938
    },
    "advection": {
      "A_train": -0.06820917129516602,
      "N32": -22.17405128479004,
      "N1024": -0.04493856430053711,
      "clust": -20.22675323486328,
      "jitter": -0.14069676399230957
    },
    "burgers": {
      "A_train": 0.13117480278015137,
      "N32": -71.61727142333984,
      "N1024": 0.16337090730667114,
      "clust": -1172.103515625,
      "jitter": 0.08014518022537231
    },
    "reaction_diffusion": {
      "A_train": 0.7354569435119629,
      "N32": -3.0338549613952637,
      "N1024": 0.7406473159790039,
      "clust": -1.2364137172698975,
      "jitter": 0.7358612418174744
    }
  },
  "V3+VICReg": {
    "sparse_native": true,
    "heat": {
      "A_train": 0.5553463697433472,
      "N32": 0.43152546882629395,
      "N1024": 0.5559887290000916,
      "clust": -1.5127248764038086,
      "jitter": 0.5556501746177673
    },
    "advection": {
      "A_train": -0.17322421073913574,
      "N32": -0.5957218408584595,
      "N1024": -0.15789568424224854,
      "clust": -2.871171712875366,
      "jitter": -0.1378720998764038
    },
    "burgers": {
      "A_train": 0.43692684173583984,
      "N32": -0.8427795171737671,
      "N1024": 0.43698346614837646,
      "clust": -2.7533955574035645,
      "jitter": 0.4288533329963684
    },
    "reaction_diffusion": {
      "A_train": 0.7948217391967773,
      "N32": 0.733927845954895,
      "N1024": 0.7950194478034973,
      "clust": -0.4093834161758423,
      "jitter": 0.7935699820518494
    }
  },
  "T2 spatiotemp": {
    "sparse_native": true,
    "heat": {
      "A_train": 0.5726202130317688,
      "N32": 0.5080070495605469,
      "N1024": 0.5715556144714355,
      "clust": -2.6047074794769287,
      "jitter": 0.57386314868927
    },
    "advection": {
      "A_train": -0.06750190258026123,
      "N32": -2.464869499206543,
      "N1024": -0.06084597110748291,
      "clust": -21.156187057495117,
      "jitter": -0.08639836311340332
    },
    "burgers": {
      "A_train": 0.6205482482910156,
      "N32": 0.4299270510673523,
      "N1024": 0.6238313913345337,
      "clust": -1.4054763317108154,
      "jitter": 0.6173856258392334
    },
    "reaction_diffusion": {
      "A_train": 0.8029537796974182,
      "N32": 0.7812476754188538,
      "N1024": 0.8033897876739502,
      "clust": -1.4523262977600098,
      "jitter": 0.8022762537002563
    }
  },
  "MLPSparseAE": {
    "sparse_native": true,
    "heat": {
      "A_train": 0.2992052435874939,
      "N32": 0.00425797700881958,
      "N1024": 0.31122153997421265,
      "clust": 0.17866289615631104,
      "jitter": 0.29138755798339844
    },
    "advection": {
      "A_train": -0.09722697734832764,
      "N32": -0.3641139268875122,
      "N1024": -0.05383658409118652,
      "clust": -0.15848982334136963,
      "jitter": -0.07757413387298584
    },
    "burgers": {
      "A_train": 0.03936117887496948,
      "N32": -0.29037773609161377,
      "N1024": 0.07759362459182739,
      "clust": -0.23144924640655518,
      "jitter": 0.03405195474624634
    },
    "reaction_diffusion": {
      "A_train": 0.21667355298995972,
      "N32": -0.1770561933517456,
      "N1024": 0.2545444965362549,
      "clust": -0.5683153867721558,
      "jitter": 0.18942326307296753
    }
  },
  "CNN1DAE": {
    "sparse_native": false,
    "heat": {
      "A_train": 0.39455926418304443,
      "N32": -0.040685415267944336,
      "N1024": 0.08250826597213745,
      "clust": 0.04259955883026123,
      "jitter": 0.3778454065322876
    },
    "advection": {
      "A_train": -0.022218942642211914,
      "N32": -0.002939462661743164,
      "N1024": -0.0006514787673950195,
      "clust": -0.010712385177612305,
      "jitter": 0.00010722875595092773
    },
    "burgers": {
      "A_train": 0.06637948751449585,
      "N32": -0.15570151805877686,
      "N1024": -0.2933553457260132,
      "clust": -0.020580172538757324,
      "jitter": 0.08686661720275879
    },
    "reaction_diffusion": {
      "A_train": 0.0374755859375,
      "N32": -0.47871339321136475,
      "N1024": -0.5031288862228394,
      "clust": -0.12483084201812744,
      "jitter": 0.017847836017608643
    }
  },
  "MAE1DAE": {
    "sparse_native": false,
    "heat": {
      "A_train": 0.4299127459526062,
      "N32": 0.26079124212265015,
      "N1024": -0.4807004928588867,
      "clust": 0.3802812695503235,
      "jitter": 0.43259674310684204
    },
    "advection": {
      "A_train": -0.04985034465789795,
      "N32": -0.09148669242858887,
      "N1024": -0.2852884531021118,
      "clust": -0.13355910778045654,
      "jitter": -0.08083868026733398
    },
    "burgers": {
      "A_train": 0.14327985048294067,
      "N32": -0.7716435194015503,
      "N1024": 0.18222951889038086,
      "clust": 0.07957267761230469,
      "jitter": 0.05547010898590088
    },
    "reaction_diffusion": {
      "A_train": 0.3041093349456787,
      "N32": -4.327071666717529,
      "N1024": -0.7695640325546265,
      "clust": -1.3794310092926025,
      "jitter": 0.35277867317199707
    }
  },
  "JEPA-Perceiver": {
    "sparse_native": true,
    "heat": {
      "A_train": 0.45127207040786743,
      "N32": 0.4077101945877075,
      "N1024": 0.44591444730758667,
      "clust": -3.0641112327575684,
      "jitter": 0.44866466522216797
    },
    "advection": {
      "A_train": -0.04862320423126221,
      "N32": -0.19625043869018555,
      "N1024": -0.04261767864227295,
      "clust": -2.5627994537353516,
      "jitter": -0.04816794395446777
    },
    "burgers": {
      "A_train": 0.3231654167175293,
      "N32": 0.19171470403671265,
      "N1024": 0.33533215522766113,
      "clust": -1.4772858619689941,
      "jitter": 0.3275933861732483
    },
    "reaction_diffusion": {
      "A_train": 0.7786047458648682,
      "N32": 0.7447019815444946,
      "N1024": 0.7785084843635559,
      "clust": -0.7973959445953369,
      "jitter": 0.7766042947769165
    }
  },
  "JEPA-ViT": {
    "sparse_native": false,
    "heat": {
      "A_train": 0.49436378479003906,
      "N32": 0.26888054609298706,
      "N1024": -0.19297099113464355,
      "clust": 0.4473418593406677,
      "jitter": 0.4730798006057739
    },
    "advection": {
      "A_train": -0.09555256366729736,
      "N32": -2.2189297676086426,
      "N1024": -0.3156726360321045,
      "clust": -0.24678492546081543,
      "jitter": -0.0877385139465332
    },
    "burgers": {
      "A_train": 0.16864222288131714,
      "N32": -8.159780502319336,
      "N1024": -0.724604606628418,
      "clust": -0.0032132863998413086,
      "jitter": 0.12649691104888916
    },
    "reaction_diffusion": {
      "A_train": 0.6804925203323364,
      "N32": -6.500573635101318,
      "N1024": -51.912445068359375,
      "clust": 0.5433268547058105,
      "jitter": 0.6900631785392761
    }
  }
}