{
  "FAE-NP": {
    "heat": {
      "lin_single": 0.7094703912734985,
      "mlp_single": 0.9264352321624756,
      "recon_relL2_median": 0.033717021346092224,
      "sigma_mean": 0.830216109752655,
      "sigma_active_frac": 0.99609375,
      "logvar_mean_C": -0.7340388298034668,
      "logvar_sat_frac": 0.0,
      "mu_abs_mean": 0.15760540962219238
    },
    "advection": {
      "lin_single": -0.03895163536071777,
      "mlp_single": -0.01093912124633789,
      "recon_relL2_median": 0.03490932285785675,
      "sigma_mean": 0.31563425064086914,
      "sigma_active_frac": 0.984375,
      "logvar_mean_C": -2.696218729019165,
      "logvar_sat_frac": 0.0,
      "mu_abs_mean": 0.8978595733642578
    },
    "burgers": {
      "lin_single": 0.6681265830993652,
      "mlp_single": 0.8973991870880127,
      "recon_relL2_median": 0.05448917672038078,
      "sigma_mean": 0.6835728287696838,
      "sigma_active_frac": 0.984375,
      "logvar_mean_C": -1.2485443353652954,
      "logvar_sat_frac": 0.0,
      "mu_abs_mean": 0.2899973690509796
    },
    "reaction_diffusion": {
      "lin_single": 0.7775075435638428,
      "mlp_single": 0.8009099960327148,
      "recon_relL2_median": 0.007117044646292925,
      "sigma_mean": 0.7377491593360901,
      "sigma_active_frac": 1.0,
      "logvar_mean_C": -1.0534402132034302,
      "logvar_sat_frac": 0.0,
      "mu_abs_mean": 0.4050465226173401
    }
  },
  "FAE+VICReg": {
    "heat": {
      "lin_single": 0.9698808789253235,
      "mlp_single": 0.9744085669517517,
      "recon_relL2_median": 0.03631282225251198
    },
    "advection": {
      "lin_single": -0.0566483736038208,
      "mlp_single": -0.0006043910980224609,
      "recon_relL2_median": 0.10082387179136276
    },
    "burgers": {
      "lin_single": 0.7523683309555054,
      "mlp_single": 0.8159917593002319,
      "recon_relL2_median": 0.04840526729822159
    },
    "reaction_diffusion": {
      "lin_single": 0.7906072735786438,
      "mlp_single": 0.804664671421051,
      "recon_relL2_median": 0.01507629081606865
    }
  }
}