{
  "heat": {
    "a_mu_only": 0.7277697920799255,
    "b_one_sample": 0.20424767049696646,
    "c_mean_K_at_test": -10003.200337853359,
    "d_train_aug_test_mu": 0.3124624832740791,
    "e_train_aug_ensemble_test": 0.29978444319960806,
    "f_fae_vicreg": 0.9698808789253235
  },
  "advection": {
    "a_mu_only": -0.049153923988342285,
    "b_one_sample": -0.061655140790847884,
    "c_mean_K_at_test": -29.44075262031073,
    "d_train_aug_test_mu": -0.027204431855401223,
    "e_train_aug_ensemble_test": -0.02978585244147869,
    "f_fae_vicreg": -0.0566483736038208
  },
  "burgers": {
    "a_mu_only": 0.7590130567550659,
    "b_one_sample": 0.4696806902868449,
    "c_mean_K_at_test": -328.3838144989597,
    "d_train_aug_test_mu": 0.5426430488609835,
    "e_train_aug_ensemble_test": 0.5361533127894464,
    "f_fae_vicreg": 0.7523683309555054
  },
  "reaction_diffusion": {
    "a_mu_only": 0.7719180583953857,
    "b_one_sample": 0.3710353815157358,
    "c_mean_K_at_test": -139.47315764197876,
    "d_train_aug_test_mu": 0.5754663143253865,
    "e_train_aug_ensemble_test": 0.564655654697424,
    "f_fae_vicreg": 0.7906072735786438
  }
}