{
  "FAE-NP": {
    "heat": {
      "lin_single": 0.6992374658584595,
      "mlp_single": 0.9467524886131287,
      "recon_relL2_median": 0.02021271176636219,
      "sigma_mean": 0.8792381882667542,
      "sigma_active_frac": 1.0,
      "logvar_mean_C": -0.4132845997810364,
      "logvar_sat_frac": 0.0,
      "mu_abs_mean": 0.1821206510066986
    },
    "advection": {
      "lin_single": -0.04118311405181885,
      "mlp_single": -0.008249998092651367,
      "recon_relL2_median": 0.040472470223903656,
      "sigma_mean": 0.35532912611961365,
      "sigma_active_frac": 0.9921875,
      "logvar_mean_C": -2.427499294281006,
      "logvar_sat_frac": 0.0,
      "mu_abs_mean": 0.7442349791526794
    },
    "burgers": {
      "lin_single": 0.7415978908538818,
      "mlp_single": 0.8943673372268677,
      "recon_relL2_median": 0.033118296414613724,
      "sigma_mean": 0.7852404117584229,
      "sigma_active_frac": 1.0,
      "logvar_mean_C": -0.7643553614616394,
      "logvar_sat_frac": 0.0,
      "mu_abs_mean": 0.33667731285095215
    },
    "reaction_diffusion": {
      "lin_single": 0.7811899185180664,
      "mlp_single": 0.8023042678833008,
      "recon_relL2_median": 0.005375842098146677,
      "sigma_mean": 0.7438579797744751,
      "sigma_active_frac": 1.0,
      "logvar_mean_C": -0.9256725311279297,
      "logvar_sat_frac": 0.0,
      "mu_abs_mean": 0.3811267614364624
    }
  },
  "FAE+VICReg": {
    "heat": {
      "lin_single": 0.9698808789253235,
      "mlp_single": 0.9732425808906555,
      "recon_relL2_median": 0.03631282225251198
    },
    "advection": {
      "lin_single": -0.0566483736038208,
      "mlp_single": 0.0008063316345214844,
      "recon_relL2_median": 0.10082387179136276
    },
    "burgers": {
      "lin_single": 0.7523683309555054,
      "mlp_single": 0.8119531869888306,
      "recon_relL2_median": 0.04840526729822159
    },
    "reaction_diffusion": {
      "lin_single": 0.7906072735786438,
      "mlp_single": 0.8049416542053223,
      "recon_relL2_median": 0.01507629081606865
    }
  }
}