{
  "heat": {
    "a_mu_only": 0.7094703912734985,
    "b_one_sample": 0.21172972654570543,
    "c_mean_K_at_test": -1034.188035438494,
    "d_train_aug_test_mu": 0.33201980928887265,
    "e_train_aug_ensemble_test": 0.3236703066652311,
    "f_fae_vicreg": 0.9698808789253235
  },
  "advection": {
    "a_mu_only": -0.03895163536071777,
    "b_one_sample": -0.0574612338840228,
    "c_mean_K_at_test": -0.7380778821888214,
    "d_train_aug_test_mu": -0.03064187324937273,
    "e_train_aug_ensemble_test": -0.03190337149833522,
    "f_fae_vicreg": -0.0566483736038208
  },
  "burgers": {
    "a_mu_only": 0.6681265830993652,
    "b_one_sample": 0.40602396982993794,
    "c_mean_K_at_test": -47.05025355576385,
    "d_train_aug_test_mu": 0.48994130921884516,
    "e_train_aug_ensemble_test": 0.4915774173594999,
    "f_fae_vicreg": 0.7523683309555054
  },
  "reaction_diffusion": {
    "a_mu_only": 0.7775075435638428,
    "b_one_sample": 0.5709795931559419,
    "c_mean_K_at_test": -12.958541180823929,
    "d_train_aug_test_mu": 0.6848809542684349,
    "e_train_aug_ensemble_test": 0.6758303661983787,
    "f_fae_vicreg": 0.7906072735786438
  }
}