{
  "heat": {
    "a_mu_only": 0.6574172973632812,
    "b_one_sample": 0.24590074722228095,
    "c_mean_K_at_test": -11525.859619041184,
    "d_train_aug_test_mu": 0.3334945031331674,
    "e_train_aug_ensemble_test": 0.3284626310609504,
    "f_fae_vicreg": 0.9698808789253235
  },
  "advection": {
    "a_mu_only": -0.042994141578674316,
    "b_one_sample": -0.06497065578643468,
    "c_mean_K_at_test": -21.896717106949406,
    "d_train_aug_test_mu": -0.025681691916898508,
    "e_train_aug_ensemble_test": -0.026500816181361797,
    "f_fae_vicreg": -0.0566483736038208
  },
  "burgers": {
    "a_mu_only": 0.7993297576904297,
    "b_one_sample": 0.5617356946234853,
    "c_mean_K_at_test": -320.18819871424984,
    "d_train_aug_test_mu": 0.6426666377358953,
    "e_train_aug_ensemble_test": 0.6423558886638796,
    "f_fae_vicreg": 0.7523683309555054
  },
  "reaction_diffusion": {
    "a_mu_only": 0.7838040590286255,
    "b_one_sample": 0.459265773724996,
    "c_mean_K_at_test": -99.05046150510145,
    "d_train_aug_test_mu": 0.6465071789221061,
    "e_train_aug_ensemble_test": 0.626214916625732,
    "f_fae_vicreg": 0.7906072735786438
  }
}