{
  "FAE-NP": {
    "heat": {
      "lin_single": 0.6574172973632812,
      "mlp_single": 0.9429329633712769,
      "recon_relL2_median": 0.06039506942033768,
      "sigma_mean": 0.953208863735199,
      "sigma_active_frac": 1.0,
      "logvar_mean_C": -0.1715417206287384,
      "logvar_sat_frac": 0.0,
      "mu_abs_mean": 0.057057008147239685
    },
    "advection": {
      "lin_single": -0.042994141578674316,
      "mlp_single": -0.010091423988342285,
      "recon_relL2_median": 0.14139492809772491,
      "sigma_mean": 0.705596387386322,
      "sigma_active_frac": 0.9921875,
      "logvar_mean_C": -1.0597180128097534,
      "logvar_sat_frac": 0.0,
      "mu_abs_mean": 0.47350555658340454
    },
    "burgers": {
      "lin_single": 0.7993297576904297,
      "mlp_single": 0.8930283784866333,
      "recon_relL2_median": 0.12756893038749695,
      "sigma_mean": 0.9158492088317871,
      "sigma_active_frac": 1.0,
      "logvar_mean_C": -0.32085394859313965,
      "logvar_sat_frac": 0.0,
      "mu_abs_mean": 0.1617766171693802
    },
    "reaction_diffusion": {
      "lin_single": 0.7838040590286255,
      "mlp_single": 0.8004316091537476,
      "recon_relL2_median": 0.011558648198843002,
      "sigma_mean": 0.9085783362388611,
      "sigma_active_frac": 1.0,
      "logvar_mean_C": -0.3877999782562256,
      "logvar_sat_frac": 0.0,
      "mu_abs_mean": 0.16782115399837494
    }
  },
  "FAE+VICReg": {
    "heat": {
      "lin_single": 0.9698808789253235,
      "mlp_single": 0.9730910658836365,
      "recon_relL2_median": 0.03631282225251198
    },
    "advection": {
      "lin_single": -0.0566483736038208,
      "mlp_single": 0.005896389484405518,
      "recon_relL2_median": 0.10082387179136276
    },
    "burgers": {
      "lin_single": 0.7523683309555054,
      "mlp_single": 0.811668336391449,
      "recon_relL2_median": 0.04840526729822159
    },
    "reaction_diffusion": {
      "lin_single": 0.7906072735786438,
      "mlp_single": 0.8057576417922974,
      "recon_relL2_median": 0.01507629081606865
    }
  }
}