{
  "heat": {
    "a_mu_only": 0.9458680152893066,
    "b_one_sample": 0.8951792812267694,
    "c_mean_K_at_test": 0.609644749768903,
    "d_train_aug_test_mu": 0.919426348499157,
    "e_train_aug_ensemble_test": 0.9176863005220273,
    "f_fae_vicreg": 0.9698808789253235
  },
  "advection": {
    "a_mu_only": -0.0053435564041137695,
    "b_one_sample": -0.050710725750292784,
    "c_mean_K_at_test": -1.0748219103024206,
    "d_train_aug_test_mu": -0.003068289779366129,
    "e_train_aug_ensemble_test": -0.004950415558708787,
    "f_fae_vicreg": -0.0566483736038208
  },
  "burgers": {
    "a_mu_only": 0.6778048276901245,
    "b_one_sample": 0.49584307212262513,
    "c_mean_K_at_test": -2.640611712413656,
    "d_train_aug_test_mu": 0.5584962882580438,
    "e_train_aug_ensemble_test": 0.549984886732025,
    "f_fae_vicreg": 0.7523683309555054
  },
  "reaction_diffusion": {
    "a_mu_only": 0.7825803756713867,
    "b_one_sample": 0.7133885811220011,
    "c_mean_K_at_test": 0.23207192453539094,
    "d_train_aug_test_mu": 0.7554157315166161,
    "e_train_aug_ensemble_test": 0.7483510040418164,
    "f_fae_vicreg": 0.7906072735786438
  }
}