{
  "FAE-NP": {
    "heat": {
      "lin_single": 0.9474397301673889,
      "mlp_single": 0.9651015400886536,
      "recon_relL2_median": 0.21622657775878906,
      "sigma_mean": 0.603010892868042,
      "sigma_active_frac": 1.0,
      "logvar_mean_C": -1.2781825065612793,
      "logvar_sat_frac": 0.0,
      "mu_abs_mean": 0.5821499228477478
    },
    "advection": {
      "lin_single": -0.06496691703796387,
      "mlp_single": -0.01399374008178711,
      "recon_relL2_median": 0.5385513305664062,
      "sigma_mean": 0.2902945578098297,
      "sigma_active_frac": 1.0,
      "logvar_mean_C": -2.6561050415039062,
      "logvar_sat_frac": 0.0,
      "mu_abs_mean": 0.5994380712509155
    },
    "burgers": {
      "lin_single": 0.49486637115478516,
      "mlp_single": 0.5738582015037537,
      "recon_relL2_median": 0.3663961887359619,
      "sigma_mean": 0.5495374202728271,
      "sigma_active_frac": 1.0,
      "logvar_mean_C": -1.435076117515564,
      "logvar_sat_frac": 0.0,
      "mu_abs_mean": 0.598308265209198
    },
    "reaction_diffusion": {
      "lin_single": 0.7385238409042358,
      "mlp_single": 0.7772377729415894,
      "recon_relL2_median": 0.07444214075803757,
      "sigma_mean": 0.2688322365283966,
      "sigma_active_frac": 1.0,
      "logvar_mean_C": -2.902256727218628,
      "logvar_sat_frac": 0.0,
      "mu_abs_mean": 0.5475898385047913
    }
  },
  "FAE+VICReg": {
    "heat": {
      "lin_single": 0.9698808789253235,
      "mlp_single": 0.973609983921051,
      "recon_relL2_median": 0.03631282225251198
    },
    "advection": {
      "lin_single": -0.0566483736038208,
      "mlp_single": -0.0011222362518310547,
      "recon_relL2_median": 0.10082387179136276
    },
    "burgers": {
      "lin_single": 0.7523683309555054,
      "mlp_single": 0.8116545677185059,
      "recon_relL2_median": 0.04840526729822159
    },
    "reaction_diffusion": {
      "lin_single": 0.7906072735786438,
      "mlp_single": 0.8050804138183594,
      "recon_relL2_median": 0.01507629081606865
    }
  }
}