{
  "heat": {
    "a_mu_only": 0.9474397301673889,
    "b_one_sample": 0.865203513924787,
    "c_mean_K_at_test": 0.7965705753410129,
    "d_train_aug_test_mu": 0.9242870373453008,
    "e_train_aug_ensemble_test": 0.9195467918658535,
    "f_fae_vicreg": 0.9698808789253235
  },
  "advection": {
    "a_mu_only": -0.06496691703796387,
    "b_one_sample": -0.052382032849117355,
    "c_mean_K_at_test": -0.09295856116493173,
    "d_train_aug_test_mu": -0.036670410416058896,
    "e_train_aug_ensemble_test": -0.04179379666106442,
    "f_fae_vicreg": -0.0566483736038208
  },
  "burgers": {
    "a_mu_only": 0.49486637115478516,
    "b_one_sample": 0.27920118833593954,
    "c_mean_K_at_test": -0.5973603160933265,
    "d_train_aug_test_mu": 0.3737196550331493,
    "e_train_aug_ensemble_test": 0.36982669746566854,
    "f_fae_vicreg": 0.7523683309555054
  },
  "reaction_diffusion": {
    "a_mu_only": 0.7385238409042358,
    "b_one_sample": 0.7001314584014375,
    "c_mean_K_at_test": 0.6835867257971558,
    "d_train_aug_test_mu": 0.7298448056834743,
    "e_train_aug_ensemble_test": 0.7305987498555241,
    "f_fae_vicreg": 0.7906072735786438
  }
}