{
  "heat": {
    "a_mu_only": 0.6992374658584595,
    "b_one_sample": 0.2750570431972007,
    "c_mean_K_at_test": -1223.3484098701229,
    "d_train_aug_test_mu": 0.3699689078557229,
    "e_train_aug_ensemble_test": 0.359414184943767,
    "f_fae_vicreg": 0.9698808789253235
  },
  "advection": {
    "a_mu_only": -0.04118311405181885,
    "b_one_sample": -0.05869908848911232,
    "c_mean_K_at_test": -0.9269295833561968,
    "d_train_aug_test_mu": -0.028270778870890467,
    "e_train_aug_ensemble_test": -0.030482083411221828,
    "f_fae_vicreg": -0.0566483736038208
  },
  "burgers": {
    "a_mu_only": 0.7415978908538818,
    "b_one_sample": 0.5062749943276601,
    "c_mean_K_at_test": -38.50533524120404,
    "d_train_aug_test_mu": 0.5681503964901313,
    "e_train_aug_ensemble_test": 0.5637035090602184,
    "f_fae_vicreg": 0.7523683309555054
  },
  "reaction_diffusion": {
    "a_mu_only": 0.7811899185180664,
    "b_one_sample": 0.6242105259872703,
    "c_mean_K_at_test": -8.381623659552822,
    "d_train_aug_test_mu": 0.7135324561501231,
    "e_train_aug_ensemble_test": 0.7045216640862919,
    "f_fae_vicreg": 0.7906072735786438
  }
}