{
  "v3_recon": {
    "params_M": 6.979105,
    "probe_heat_nu": 0.516606018501908,
    "probe_advection_beta": -0.012667125307254112,
    "probe_burgers_nu": 0.3512551325471309,
    "classification": {
      "logreg": 0.91925,
      "knn": 0.88875,
      "adv_f1": 0.9904666332162569
    },
    "consistency_cos": 0.9987534880638123
  },
  "v3_recon_fixed512": {
    "params_M": 6.979105,
    "probe_heat_nu": 0.4394466527926444,
    "probe_advection_beta": -0.01599735900261612,
    "probe_burgers_nu": 0.299441401279544,
    "classification": {
      "logreg": 0.85525,
      "knn": 0.86475,
      "adv_f1": 0.910880829015544
    },
    "consistency_cos": 0.995606541633606
  },
  "v3_vicreg": {
    "params_M": 6.979105,
    "probe_heat_nu": 0.9662180714634613,
    "probe_advection_beta": -0.010679617180847645,
    "probe_burgers_nu": 0.7089561909800335,
    "classification": {
      "logreg": 0.9755,
      "knn": 0.957,
      "adv_f1": 0.9970089730807578
    },
    "consistency_cos": 0.9996254444122314
  },
  "v3_vicreg_fixed512": {
    "params_M": 6.979105,
    "probe_heat_nu": 0.9483960412104443,
    "probe_advection_beta": -0.008418846312582051,
    "probe_burgers_nu": 0.5455720884556219,
    "classification": {
      "logreg": 0.96175,
      "knn": 0.94325,
      "adv_f1": 0.993006993006993
    },
    "consistency_cos": 0.9987120032310486
  },
  "mlp": {
    "params_M": 6.987841,
    "probe_heat_nu": 0.5278882447218229,
    "probe_advection_beta": -0.023147796403273357,
    "probe_burgers_nu": 0.1427380238341187,
    "classification": {
      "logreg": 0.82625,
      "knn": 0.755,
      "adv_f1": 0.5600568585643213
    },
    "consistency_cos": 0.7136094570159912
  },
  "mlp_fixed512": {
    "params_M": 6.987841,
    "probe_heat_nu": 0.5574212371207807,
    "probe_advection_beta": -0.011008258838353324,
    "probe_burgers_nu": 0.1342993614218344,
    "classification": {
      "logreg": 0.82675,
      "knn": 0.69425,
      "adv_f1": 0.27958833619210977
    },
    "consistency_cos": 0.553220272064209
  }
}