{
  "v3_vicreg_model": {
    "label": "V3+VICReg",
    "family": "v3",
    "heat": {
      "lin_single": 0.9698808789253235,
      "mlp_single": 0.9743394255638123,
      "lin_pair": 0.9774073362350464,
      "mlp_pair": 0.9744552969932556
    },
    "advection": {
      "lin_single": -0.0566483736038208,
      "mlp_single": 0.0021936893463134766,
      "lin_pair": -0.07967078685760498,
      "mlp_pair": 0.9159042835235596
    },
    "burgers": {
      "lin_single": 0.7523683309555054,
      "mlp_single": 0.814669132232666,
      "lin_pair": 0.7908867597579956,
      "mlp_pair": 0.8082702159881592
    },
    "reaction_diffusion": {
      "lin_single": 0.7906072735786438,
      "mlp_single": 0.805840253829956,
      "lin_pair": 0.794522762298584,
      "mlp_pair": 0.8055247068405151
    },
    "norm_z": 2275.235107421875,
    "top1_top50_ratio": 4.058182239532471,
    "latent_dim": 320
  },
  "v3_spatiotemporal_model": {
    "label": "T2 spatiotemporal",
    "family": "v3",
    "heat": {
      "lin_single": 0.9736411571502686,
      "mlp_single": 0.9757710099220276,
      "lin_pair": 0.9804309606552124,
      "mlp_pair": 0.9769235253334045
    },
    "advection": {
      "lin_single": -0.044187188148498535,
      "mlp_single": 0.002126634120941162,
      "lin_pair": -0.06893265247344971,
      "mlp_pair": 0.8848264813423157
    },
    "burgers": {
      "lin_single": 0.8381168842315674,
      "mlp_single": 0.8499372601509094,
      "lin_pair": 0.8429084420204163,
      "mlp_pair": 0.8432242274284363
    },
    "reaction_diffusion": {
      "lin_single": 0.7916722893714905,
      "mlp_single": 0.802017331123352,
      "lin_pair": 0.7919377088546753,
      "mlp_pair": 0.8022626042366028
    },
    "norm_z": 122.73136138916016,
    "top1_top50_ratio": 1.086523175239563,
    "latent_dim": 320
  },
  "jepa_perceiver_sparse_model": {
    "label": "JEPA Perceiver (online)",
    "family": "v3",
    "heat": {
      "lin_single": 0.6890977621078491,
      "mlp_single": 0.951443076133728,
      "lin_pair": 0.7046993374824524,
      "mlp_pair": 0.9524483680725098
    },
    "advection": {
      "lin_single": -0.03197896480560303,
      "mlp_single": -0.0035142898559570312,
      "lin_pair": -0.06959652900695801,
      "mlp_pair": 0.9084937572479248
    },
    "burgers": {
      "lin_single": 0.6013416051864624,
      "mlp_single": 0.8274481892585754,
      "lin_pair": 0.6544966101646423,
      "mlp_pair": 0.8249083757400513
    },
    "reaction_diffusion": {
      "lin_single": 0.7921207547187805,
      "mlp_single": 0.8029292821884155,
      "lin_pair": 0.7904487252235413,
      "mlp_pair": 0.8053051829338074
    },
    "norm_z": 18.97821807861328,
    "top1_top50_ratio": 3.122349262237549,
    "latent_dim": 320
  },
  "jepa_perceiver_sparse_target": {
    "label": "JEPA Perceiver (target)",
    "family": "v3",
    "heat": {
      "lin_single": 0.6890622973442078,
      "mlp_single": 0.951532781124115,
      "lin_pair": 0.7048172354698181,
      "mlp_pair": 0.9567901492118835
    },
    "advection": {
      "lin_single": -0.03228569030761719,
      "mlp_single": -0.005847454071044922,
      "lin_pair": -0.06973445415496826,
      "mlp_pair": 0.9058302640914917
    },
    "burgers": {
      "lin_single": 0.6014732122421265,
      "mlp_single": 0.829438328742981,
      "lin_pair": 0.6546249389648438,
      "mlp_pair": 0.8284812569618225
    },
    "reaction_diffusion": {
      "lin_single": 0.7921164631843567,
      "mlp_single": 0.8030775785446167,
      "lin_pair": 0.7903767228126526,
      "mlp_pair": 0.8048595190048218
    },
    "norm_z": 18.98845100402832,
    "top1_top50_ratio": 3.1501641273498535,
    "latent_dim": 320
  },
  "jepa_vit1d_target": {
    "label": "JEPA ViT-1D (target)",
    "family": "vit",
    "heat": {
      "lin_single": 0.9543830752372742,
      "mlp_single": 0.9625206589698792,
      "lin_pair": 0.9588726162910461,
      "mlp_pair": 0.9640681147575378
    },
    "advection": {
      "lin_single": -0.03996288776397705,
      "mlp_single": -0.00032198429107666016,
      "lin_pair": -0.07099604606628418,
      "mlp_pair": 0.0016594529151916504
    },
    "burgers": {
      "lin_single": 0.9194403886795044,
      "mlp_single": 0.9087763428688049,
      "lin_pair": 0.9236533641815186,
      "mlp_pair": 0.9104056358337402
    },
    "reaction_diffusion": {
      "lin_single": 0.7987810373306274,
      "mlp_single": 0.8031631708145142,
      "lin_pair": 0.7982195019721985,
      "mlp_pair": 0.8035950660705566
    },
    "norm_z": 14.886518478393555,
    "top1_top50_ratio": 2.974478006362915,
    "latent_dim": 384
  },
  "jepa_vit1d_encoder": {
    "label": "JEPA ViT-1D (online)",
    "family": "vit",
    "heat": {
      "lin_single": 0.9546775221824646,
      "mlp_single": 0.9638277888298035,
      "lin_pair": 0.9590317010879517,
      "mlp_pair": 0.96435546875
    },
    "advection": {
      "lin_single": -0.03931593894958496,
      "mlp_single": 0.00017499923706054688,
      "lin_pair": -0.07075822353363037,
      "mlp_pair": 0.003346085548400879
    },
    "burgers": {
      "lin_single": 0.9200136661529541,
      "mlp_single": 0.9086410999298096,
      "lin_pair": 0.9242828488349915,
      "mlp_pair": 0.9083966016769409
    },
    "reaction_diffusion": {
      "lin_single": 0.7987514734268188,
      "mlp_single": 0.8027411699295044,
      "lin_pair": 0.7981541752815247,
      "mlp_pair": 0.8034231066703796
    },
    "norm_z": 14.90054702758789,
    "top1_top50_ratio": 2.9519410133361816,
    "latent_dim": 384
  }
}