{
  "v3_recon": {
    "heat": {
      "latent_lin": {
        "1": 2.734737544424041,
        "2": 3.2472548650339856,
        "5": 3.9971370155462917,
        "10": 3.829264112091729,
        "20": 3.366977719829158,
        "50": 2.5126786445066482
      },
      "latent_mlp": {
        "1": 3.0045266151428223,
        "2": 3.7124834060668945,
        "5": 6.201284885406494,
        "10": 13.8267822265625,
        "20": 72.4045639038086,
        "50": 6379.8525390625
      },
      "decoded_lin": {
        "1": 0.8367571830749512,
        "2": 0.836346447467804,
        "5": 0.8948776125907898,
        "10": 1.1235697269439697,
        "20": 2.5889415740966797,
        "50": 250.43682861328125
      },
      "decoded_mlp": {
        "1": 2.443384885787964,
        "2": 2.766775131225586,
        "5": 3.6040570735931396,
        "10": 4.886190891265869,
        "20": 10.644813537597656,
        "50": 983.1027221679688
      },
      "dyn_dim": 18.34966468811035
    },
    "advection": {
      "latent_lin": {
        "1": 0.789129218643855,
        "2": 0.8914229929856013,
        "5": 0.9672202707898068,
        "10": 0.9946469547925553,
        "20": 1.0026101028419745,
        "50": 1.0047818419286643
      },
      "latent_mlp": {
        "1": 0.8181166052818298,
        "2": 0.9060060977935791,
        "5": 0.9702436923980713,
        "10": 0.9991912245750427,
        "20": 1.0056633949279785,
        "50": 1.0088145732879639
      },
      "decoded_lin": {
        "1": 0.8686453104019165,
        "2": 0.8692954182624817,
        "5": 0.8848590850830078,
        "10": 0.906319797039032,
        "20": 0.969841718673706,
        "50": 1.1736040115356445
      },
      "decoded_mlp": {
        "1": 0.8690264225006104,
        "2": 0.8696615099906921,
        "5": 0.8856855034828186,
        "10": 0.9118383526802063,
        "20": 0.9736872911453247,
        "50": 1.167547345161438
      },
      "dyn_dim": 250.46763610839844
    },
    "burgers": {
      "latent_lin": {
        "1": 0.6011247779489025,
        "2": 0.9073710714758696,
        "5": 1.4098816310165503,
        "10": 1.629702076467531,
        "20": 1.7035167776668032,
        "50": 1.3781527431096285
      },
      "latent_mlp": {
        "1": 0.6174660325050354,
        "2": 0.9549351334571838,
        "5": 1.5556315183639526,
        "10": 1.9441646337509155,
        "20": 3.355659246444702,
        "50": 83.91409301757812
      },
      "decoded_lin": {
        "1": 0.8681982159614563,
        "2": 0.8640319108963013,
        "5": 0.8559473156929016,
        "10": 0.847571611404419,
        "20": 0.8374035358428955,
        "50": 0.8209042549133301
      },
      "decoded_mlp": {
        "1": 1.3646305799484253,
        "2": 2.0357565879821777,
        "5": 3.3166391849517822,
        "10": 4.17422342300415,
        "20": 4.73411750793457,
        "50": 5.590285778045654
      },
      "dyn_dim": 12.068099021911621
    },
    "reaction_diffusion": {
      "latent_lin": {
        "1": 1.2279014455084012,
        "2": 1.408153967847821,
        "5": 5.508666173876544,
        "10": 488.1822946142892,
        "20": 33315134.272426926,
        "50": 1.0555679259805604e+19
      },
      "latent_mlp": {
        "1": 1.209089994430542,
        "2": 1.3991360664367676,
        "5": 1.5355397462844849,
        "10": 2.008084297180176,
        "20": 36.2515754699707,
        "50": 1733.3326416015625
      },
      "decoded_lin": {
        "1": 1.8400700092315674,
        "2": 1.8377701044082642,
        "5": 1.5898817777633667,
        "10": 1.3236924409866333,
        "20": 1.2793747186660767,
        "50": NaN
      },
      "decoded_mlp": {
        "1": 1.7948553562164307,
        "2": 1.910955548286438,
        "5": 1.7535420656204224,
        "10": 1.3891483545303345,
        "20": 1.275863528251648,
        "50": 1.1673833131790161
      },
      "dyn_dim": 16.09708595275879
    }
  },
  "v3_vicreg": {
    "heat": {
      "latent_lin": {
        "1": 0.8947379365299541,
        "2": 1.0686719632321036,
        "5": 1.304300356121122,
        "10": 1.3720735392078398,
        "20": 1.2843927934309287,
        "50": 1.1871018429404703
      },
      "latent_mlp": {
        "1": 0.9516181349754333,
        "2": 1.1636104583740234,
        "5": 1.5786808729171753,
        "10": 2.0180747509002686,
        "20": 2.759330987930298,
        "50": 9.327325820922852
      },
      "decoded_lin": {
        "1": 0.7172534465789795,
        "2": 0.7182744741439819,
        "5": 0.7707604765892029,
        "10": 0.9767333269119263,
        "20": 2.206918716430664,
        "50": 140.31622314453125
      },
      "decoded_mlp": {
        "1": 0.7496798634529114,
        "2": 0.7816609144210815,
        "5": 0.9151853322982788,
        "10": 1.240562081336975,
        "20": 2.7171947956085205,
        "50": 365.0277099609375
      },
      "dyn_dim": 53.312400817871094
    },
    "advection": {
      "latent_lin": {
        "1": 0.6198403567103168,
        "2": 0.7582187315521716,
        "5": 0.9023355817095883,
        "10": 0.9737034949542891,
        "20": 1.0121633254216156,
        "50": 1.0128214143745748
      },
      "latent_mlp": {
        "1": 0.6589952707290649,
        "2": 0.7919657826423645,
        "5": 0.9341655969619751,
        "10": 1.0068848133087158,
        "20": 1.0462857484817505,
        "50": 1.0398192405700684
      },
      "decoded_lin": {
        "1": 0.7910832166671753,
        "2": 0.7955988049507141,
        "5": 0.8125689029693604,
        "10": 0.8849048614501953,
        "20": 0.9954138398170471,
        "50": 1.1556316614151
      },
      "decoded_mlp": {
        "1": 0.7916088104248047,
        "2": 0.7978216409683228,
        "5": 0.8210697770118713,
        "10": 0.8966550230979919,
        "20": 1.0048872232437134,
        "50": 1.1672130823135376
      },
      "dyn_dim": 179.6979522705078
    },
    "burgers": {
      "latent_lin": {
        "1": 0.2714821088448348,
        "2": 0.39863443864117054,
        "5": 0.6044048904237828,
        "10": 0.7743229661105258,
        "20": 0.9495505006101927,
        "50": 1.124125816749057
      },
      "latent_mlp": {
        "1": 0.3044714629650116,
        "2": 0.4638262093067169,
        "5": 0.7639759182929993,
        "10": 1.095828652381897,
        "20": 1.7664624452590942,
        "50": 10.640822410583496
      },
      "decoded_lin": {
        "1": 0.8391267657279968,
        "2": 0.833568811416626,
        "5": 0.8244084715843201,
        "10": 0.818112850189209,
        "20": 0.8176628947257996,
        "50": 0.8409173488616943
      },
      "decoded_mlp": {
        "1": 0.8380653858184814,
        "2": 0.8337563276290894,
        "5": 0.8383312821388245,
        "10": 0.8812939524650574,
        "20": 1.1064887046813965,
        "50": 3.110936164855957
      },
      "dyn_dim": 2.2771565914154053
    },
    "reaction_diffusion": {
      "latent_lin": {
        "1": 0.8049941888401796,
        "2": 0.9284007255359383,
        "5": 1.0554521979364724,
        "10": 1.0783018867908216,
        "20": 1.7068239484910732,
        "50": 1.6042115532034118
      },
      "latent_mlp": {
        "1": 0.8754703998565674,
        "2": 1.0221469402313232,
        "5": 1.2239428758621216,
        "10": 1.451189398765564,
        "20": 5.130836009979248,
        "50": 25.737417221069336
      },
      "decoded_lin": {
        "1": 0.7821687459945679,
        "2": 0.8112292289733887,
        "5": 0.8349764347076416,
        "10": 0.8526700735092163,
        "20": 0.8939678072929382,
        "50": 0.9164286255836487
      },
      "decoded_mlp": {
        "1": 0.8287622928619385,
        "2": 0.9167194366455078,
        "5": 1.0561100244522095,
        "10": 1.0841076374053955,
        "20": 1.1491024494171143,
        "50": 1.2806122303009033
      },
      "dyn_dim": 29.700231552124023
    }
  },
  "mlp": {
    "heat": {
      "latent_lin": {
        "1": 1.6397658306365086,
        "2": 2.089425015976756,