{
  "heat": {
    "v3_vicreg_relL2_mean": 9.2417573928833,
    "v3_vicreg_relL2_median": 0.04167840629816055,
    "jepa_vit_relL2_mean": 1.007099986076355,
    "jepa_vit_relL2_median": 0.03161078691482544
  },
  "advection": {
    "v3_vicreg_relL2_mean": 0.10064833611249924,
    "v3_vicreg_relL2_median": 0.09741373360157013,
    "jepa_vit_relL2_mean": 0.0404321625828743,
    "jepa_vit_relL2_median": 0.03790359944105148
  },
  "burgers": {
    "v3_vicreg_relL2_mean": 0.06099202483892441,
    "v3_vicreg_relL2_median": 0.05292203277349472,
    "jepa_vit_relL2_mean": 0.03968024626374245,
    "jepa_vit_relL2_median": 0.033300917595624924
  },
  "reaction_diffusion": {
    "v3_vicreg_relL2_mean": 0.01589452475309372,
    "v3_vicreg_relL2_median": 0.015596229583024979,
    "jepa_vit_relL2_mean": 0.007337601389735937,
    "jepa_vit_relL2_median": 0.007177460938692093
  }
}