{
  "heat": {
    "field_mlp": {
      "params_M": 1.312768,
      "rollout": {
        "1": 0.4495043158531189,
        "2": 0.5018163323402405,
        "5": 0.6535389423370361,
        "10": 0.9980903267860413,
        "20": 2.5992431640625
      }
    },
    "v3_recon": {
      "params_M_prop": 0.82272,
      "rollout_latent": {
        "1": 0.5535187125205994,
        "2": 1.3321893215179443,
        "5": 4.144736289978027,
        "10": 9.054788589477539,
        "20": 18.958194732666016
      },
      "rollout_decoded": {
        "1": 0.3147381544113159,
        "2": 0.3933342695236206,
        "5": 0.6364561915397644,
        "10": 0.8429825901985168,
        "20": 1.467847466468811
      }
    },
    "v3_vicreg": {
      "params_M_prop": 0.82272,
      "rollout_latent": {
        "1": 0.42034515738487244,
        "2": 0.7376400828361511,
        "5": 1.7668441534042358,
        "10": 3.274221181869507,
        "20": 5.391132831573486
      },
      "rollout_decoded": {
        "1": 0.3313888609409332,
        "2": 0.43100225925445557,
        "5": 0.7131275534629822,
        "10": 1.0292242765426636,
        "20": 2.176814317703247
      }
    },
    "mlp": {
      "params_M_prop": 0.8208,
      "rollout_latent": {
        "1": 1.828408122062683,
        "2": 7.422160625457764,
        "5": 463.5078430175781,
        "10": 25405.833984375,
        "20": 101615288.0
      },
      "rollout_decoded": {
        "1": 0.30923154950141907,
        "2": 3.88860821723938,
        "5": 54.716590881347656,
        "10": 2465.90673828125,
        "20": 21244552.0
      }
    },
    "cnn": {
      "params_M_prop": 0.8208,
      "rollout_latent": {
        "1": 0.9008598327636719,
        "2": 1.5242794752120972,
        "5": 3.2440853118896484,
        "10": 5.362922191619873,
        "20": 8.501751899719238
      },
      "rollout_decoded": {
        "1": 0.9809348583221436,
        "2": 0.9872455596923828,
        "5": 458.9678955078125,
        "10": 13274.509765625,
        "20": 198868.078125
      }
    },
    "mae": {
      "params_M_prop": 0.8208,
      "rollout_latent": {
        "1": 0.18128789961338043,
        "2": 0.14644426107406616,
        "5": 0.10155361145734787,
        "10": 0.07080046832561493,
        "20": 0.05062003806233406
      },
      "rollout_decoded": {}
    }
  },
  "advection": {
    "field_mlp": {
      "params_M": 1.312768,
      "rollout": {
        "1": 0.3032117486000061,
        "2": 0.43351152539253235,
        "5": 0.6203258633613586,
        "10": 0.819707989692688,
        "20": 4.125895023345947
      }
    },
    "v3_recon": {
      "params_M_prop": 0.82272,
      "rollout_latent": {
        "1": 0.5713015198707581,
        "2": 0.8915427923202515,
        "5": 1.5557470321655273,
        "10": 2.5065882205963135,
        "20": 4.343222141265869
      },
      "rollout_decoded": {
        "1": 0.26984599232673645,
        "2": 0.4331238567829132,
        "5": 0.7788780927658081,
        "10": 0.9748032689094543,
        "20": 1.07058584690094
      }
    },
    "v3_vicreg": {
      "params_M_prop": 0.82272,
      "rollout_latent": {
        "1": 0.35444384813308716,
        "2": 0.5617352724075317,
        "5": 1.1217868328094482,
        "10": 2.4246132373809814,
        "20": 5.8461594581604
      },
      "rollout_decoded": {
        "1": 0.30230358242988586,
        "2": 0.40738117694854736,
        "5": 0.6953570246696472,
        "10": 0.9556991457939148,
        "20": 1.1150354146957397
      }
    },
    "mlp": {
      "params_M_prop": 0.8208,
      "rollout_latent": {
        "1": 2.4965827465057373,
        "2": 56.7863655090332,
        "5": 17926578.0,
        "10": 4.596663408236954e+16,
        "20": Infinity
      },
      "rollout_decoded": {
        "1": 0.3442125916481018,
        "2": 7.014446258544922,
        "5": 63577.55859375,
        "10": 116044228198400.0,
        "20": Infinity
      }
    },
    "cnn": {
      "params_M_prop": 0.8208,
      "rollout_latent": {
        "1": 0.3090009093284607,
        "2": 0.5455970764160156,
        "5": 1.3585560321807861,
        "10": 6.77916145324707,
        "20": 16046.1982421875
      },
      "rollout_decoded": {
        "1": 0.9833808541297913,
        "2": 0.9895957112312317,
        "5": 1.0287340879440308,
        "10": 41786.125,
        "20": 181470608.0
      }
    },
    "mae": {
      "params_M_prop": 0.8208,
      "rollout_latent": {
        "1": 0.08176587522029877,
        "2": 0.079570472240448,
        "5": 0.09024311602115631,
        "10": 0.0928436815738678,
        "20": 0.0973338931798935
      },
      "rollout_decoded": {}
    }
  },
  "burgers": {
    "field_mlp": {
      "params_M": 1.312768,
      "rollout": {
        "1": 0.09895239025354385,
        "2": 0.14903177320957184,
        "5": 0.22464436292648315,
        "10": 0.26819899678230286,
        "20": 0.2900518476963043
      }
    },
    "v3_recon": {
      "params_M_prop": 0.82272,
      "rollout_latent": {
        "1": 0.06294973194599152,
        "2": 0.12344537675380707,
        "5": 0.3023749589920044,
        "10": 0.594842791557312,
        "20": 1.1634619235992432
      },
      "rollout_decoded": {
        "1": 0.09212443232536316,
        "2": 0.12771479785442352,
        "5": 0.23367860913276672,
        "10": 0.44084325432777405,
        "20": 0.8056905269622803
      }
    },
    "v3_vicreg": {
      "params_M_prop": 0.82272,
      "rollout_latent": {
        "1": 0.09525586664676666,
        "2": 0.1757533997297287,
        "5": 0.3961018919944763,
        "10": 0.7192182540893555,
        "20": 1.2743672132492065
      },
      "rollout_decoded": {
        "1": 0.10648497194051743,
        "2": 0.1902024745941162,
        "5": 0.669411301612854,
        "10": 1.4050085544586182,
        "20": 2.0649964809417725
      }
    },
    "mlp": {
      "params_M_prop": 0.8208,
      "rollout_latent": {
        "1": 1.1176646947860718,
        "2": 16.999065399169922,
        "5": 806986.3125,
        "10": 64578171961344.0,
        "20": Infinity
      },
      "rollout_decoded": {
        "1": 0.2796211838722229,
        "2": 8.093438148498535,
        "5": 25969.580078125,
        "10": 2168639979520.0,
        "20": Infinity
      }
    },
    "cnn": {
      "params_M_prop": 0.8208,
      "rollout_latent": {
        "1": 1.1657072305679321,
        "2": 2.1243388652801514,
        "5": 9.49579906463623,
        "10": 136.68603515625,
        "20": 41705.96875
      },
      "rollout_decoded": {
        "1": 0.9769148230552673,
        "2": 0.9830873012542725,
        "5": 1.5368711948394775,
        "10": 14.276019096374512,
        "20": 4801.84130859375
      }
    },
    "mae": {
      "params_M_prop": 0.8208,
      "rollout_latent": {
        "1": 0.08924052864313126,
        "2": 0.12253690510988235,
        "5": 0.16558189690113068,
        "10": 0.166854590177536,
        "20": 0.18268954753875732
      },
      "rollout_decoded": {}
    }
  },
  "reaction_diffusion": {
    "field_mlp": {
      "params_M": 1.312768,
      "rollout": {
        "1": 0.37584593892097473,
        "2": 0.49743109941482544,
        "5": 0.6258543133735657,
        "10": 0.6468609571456909,
        "20": 0.7695841789245605
      }
    },
    "v3_recon": {
      "params_M_prop": 0.82272,
      "rollout_latent": {
        "1": 0.1442028433084488,
        "2": 0.23779918253421783,
        "5": 0.5219745635986328,
        "10": 1.0312011241912842,
        "20": 2.1202478408813477
      },
      "rollout_decoded": {
        "1": 0.30440574884414673,
        "2": 0.39062950015068054,
        "5": 0.6153425574302673,
        "10": 0.9361791610717773,
        "20": 1.2785824537277222
      }
    },
    "v3_vicreg": {
      "params_M_prop": 0.82272,
      "rollout_latent": {
        "1": 0.3005596101284027,
        "2": 0.5032581090927124,
        "5": 1.2351185083389282,
        "10": 2.6388609409332275,
        "20": 5.463366985321045
      },