{
  "v3_recon": {
    "kind": "v3",
    "heat": {
      "lin_single": 0.5204970836639404,
      "mlp_single": 0.9396646022796631,
      "lin_pair": 0.5419694185256958,
      "mlp_pair": 0.9463252425193787
    },
    "advection": {
      "lin_single": -0.01835179328918457,
      "mlp_single": -0.0031970739364624023,
      "lin_pair": -0.026161789894104004,
      "mlp_pair": 0.6910824775695801
    },
    "burgers": {
      "lin_single": 0.41700607538223267,
      "mlp_single": 0.7450960874557495,
      "lin_pair": 0.44525355100631714,
      "mlp_pair": 0.736343264579773
    },
    "reaction_diffusion": {
      "lin_single": 0.7640821933746338,
      "mlp_single": 0.7997791171073914,
      "lin_pair": 0.7673173546791077,
      "mlp_pair": 0.8006147146224976
    },
    "norm_z": 2119.601806640625,
    "top1_top50_ratio": 3.044980764389038
  },
  "v3_vicreg": {
    "kind": "v3",
    "heat": {
      "lin_single": 0.9698808789253235,
      "mlp_single": 0.9745515584945679,
      "lin_pair": 0.9774073362350464,
      "mlp_pair": 0.9747309684753418
    },
    "advection": {
      "lin_single": -0.0566483736038208,
      "mlp_single": 0.008683741092681885,
      "lin_pair": -0.07967078685760498,
      "mlp_pair": 0.9143088459968567
    },
    "burgers": {
      "lin_single": 0.7523683309555054,
      "mlp_single": 0.8099541068077087,
      "lin_pair": 0.7908867597579956,
      "mlp_pair": 0.8161539435386658
    },
    "reaction_diffusion": {
      "lin_single": 0.7906072735786438,
      "mlp_single": 0.8058338761329651,
      "lin_pair": 0.794522762298584,
      "mlp_pair": 0.8053615689277649
    },
    "norm_z": 2275.235107421875,
    "top1_top50_ratio": 4.058182239532471
  },
  "mlp": {
    "kind": "mlp",
    "heat": {
      "lin_single": 0.5622893571853638,
      "mlp_single": 0.9372541904449463,
      "lin_pair": 0.580284833908081,
      "mlp_pair": 0.943541944026947
    },
    "advection": {
      "lin_single": -0.0333327054977417,
      "mlp_single": -0.0051419734954833984,
      "lin_pair": -0.06449782848358154,
      "mlp_pair": 0.8383616805076599
    },
    "burgers": {
      "lin_single": 0.17251384258270264,
      "mlp_single": 0.8175302743911743,
      "lin_pair": 0.17474877834320068,
      "mlp_pair": 0.8250443935394287
    },
    "reaction_diffusion": {
      "lin_single": 0.4004672169685364,
      "mlp_single": 0.8008359670639038,
      "lin_pair": 0.42537105083465576,
      "mlp_pair": 0.7933147549629211
    },
    "norm_z": 1.2021510601043701,
    "top1_top50_ratio": 7.856536865234375
  },
  "cnn": {
    "kind": "cnn",
    "heat": {
      "lin_single": 0.8181006908416748,
      "mlp_single": 0.8946038484573364,
      "lin_pair": 0.8369169235229492,
      "mlp_pair": 0.9084882736206055
    },
    "advection": {
      "lin_single": -0.002254962921142578,
      "mlp_single": -0.004926443099975586,
      "lin_pair": -0.007811188697814941,
      "mlp_pair": 0.9769313335418701
    },
    "burgers": {
      "lin_single": 0.7480589151382446,
      "mlp_single": 0.8409212827682495,
      "lin_pair": 0.7980617880821228,
      "mlp_pair": 0.836111843585968
    },
    "reaction_diffusion": {
      "lin_single": 0.6801057457923889,
      "mlp_single": 0.8011730909347534,
      "lin_pair": 0.6906828284263611,
      "mlp_pair": 0.802815318107605
    },
    "norm_z": 185.47125244140625,
    "top1_top50_ratio": 2.5010366439819336
  },
  "mae": {
    "kind": "mae",
    "heat": {
      "lin_single": 0.7438986301422119,
      "mlp_single": 0.926197350025177,
      "lin_pair": 0.7500230073928833,
      "mlp_pair": 0.929313600063324
    },
    "advection": {
      "lin_single": -0.027938485145568848,
      "mlp_single": -0.004240632057189941,
      "lin_pair": -0.06900906562805176,
      "mlp_pair": -0.0029894113540649414
    },
    "burgers": {
      "lin_single": 0.8553907871246338,
      "mlp_single": 0.8901439309120178,
      "lin_pair": 0.8577818870544434,
      "mlp_pair": 0.8881051540374756
    },
    "reaction_diffusion": {
      "lin_single": 0.7933729290962219,
      "mlp_single": 0.8036278486251831,
      "lin_pair": 0.7997705340385437,
      "mlp_pair": 0.8033604621887207
    },
    "norm_z": 4.677608489990234,
    "top1_top50_ratio": 1.506740927696228
  },
  "v3_temporal": {
    "kind": "v3",
    "heat": {
      "lin_single": 0.9669845700263977,
      "mlp_single": 0.969238817691803,
      "lin_pair": 0.971510648727417,
      "mlp_pair": 0.9716240167617798
    },
    "advection": {
      "lin_single": -0.044412851333618164,
      "mlp_single": 0.0020470023155212402,
      "lin_pair": -0.10504317283630371,
      "mlp_pair": 0.758846640586853
    },
    "burgers": {
      "lin_single": 0.6353002786636353,
      "mlp_single": 0.5901292562484741,
      "lin_pair": 0.6441342830657959,
      "mlp_pair": 0.5941636562347412
    },
    "reaction_diffusion": {
      "lin_single": 0.7617141008377075,
      "mlp_single": 0.794044017791748,
      "lin_pair": 0.7643666863441467,
      "mlp_pair": 0.79354327917099
    },
    "norm_z": 93.39581298828125,
    "top1_top50_ratio": 1.0433249473571777
  },
  "v3_spatiotemporal": {
    "kind": "v3",
    "heat": {
      "lin_single": 0.9736411571502686,
      "mlp_single": 0.9750782251358032,
      "lin_pair": 0.9804309606552124,
      "mlp_pair": 0.9754382371902466
    },
    "advection": {
      "lin_single": -0.044187188148498535,
      "mlp_single": 0.0009494423866271973,
      "lin_pair": -0.06893265247344971,
      "mlp_pair": 0.8829383850097656
    },
    "burgers": {
      "lin_single": 0.8381168842315674,
      "mlp_single": 0.8481495380401611,
      "lin_pair": 0.8429084420204163,
      "mlp_pair": 0.8480710387229919
    },
    "reaction_diffusion": {
      "lin_single": 0.7916722893714905,
      "mlp_single": 0.8033009767532349,
      "lin_pair": 0.7919377088546753,
      "mlp_pair": 0.8026646375656128
    },
    "norm_z": 122.73136138916016,
    "top1_top50_ratio": 1.086523175239563
  },
  "v3_temporal_pure": {
    "kind": "v3",
    "heat": {
      "lin_single": 0.969322919845581,
      "mlp_single": 0.9748424887657166,
      "lin_pair": 0.9764925837516785,
      "mlp_pair": 0.974705696105957
    },
    "advection": {
      "lin_single": -0.012568831443786621,
      "mlp_single": 8.952617645263672e-05,
      "lin_pair": -0.028437495231628418,
      "mlp_pair": 0.003800690174102783
    },
    "burgers": {
      "lin_single": 0.6397700309753418,
      "mlp_single": 0.6234203577041626,
      "lin_pair": 0.6486369967460632,
      "mlp_pair": 0.6373022794723511
    },
    "reaction_diffusion": {
      "lin_single": 0.7794392108917236,
      "mlp_single": 0.7999668121337891,
      "lin_pair": 0.7836971879005432,
      "mlp_pair": 0.800704836845398
    },
    "norm_z": 65.09111785888672,
    "top1_top50_ratio": 1.0707930326461792
  },
  "v3_temporal_long": {
    "kind": "v3",
    "heat": {
      "lin_single": 0.9552225470542908,
      "mlp_single": 0.9668399691581726,
      "lin_pair": 0.9573898911476135,
      "mlp_pair": 0.9730978012084961
    },
    "advection": {
      "lin_single": -0.07110190391540527,
      "mlp_single": -0.0005842447280883789,
      "lin_pair": -0.11913275718688965,
      "mlp_pair": -0.0020215511322021484
    },
    "burgers": {
      "lin_single": 0.6663193702697754,
      "mlp_single": 0.6963804960250854,
      "lin_pair": 0.6790556907653809,
      "mlp_pair": 0.7008426189422607
    },
    "reaction_diffusion": {
      "lin_single": 0.7604642510414124,
      "mlp_single": 0.7861946225166321,
      "lin_pair": 0.7610947489738464,
      "mlp_pair": 0.7899550199508667
    },
    "norm_z": 112.34050750732422,
    "top1_top50_ratio": 1.0637922286987305
  }
}