{
  "V4": {
    "heat": {
      "lin_single": 0.42474257946014404,
      "mlp_single": 0.9496290683746338,
      "recon_relL2_median": 0.027101505547761917,
      "sigma_mean": 1.6487209796905518,
      "sigma_active_frac": 0.0,
      "logvar_mean_C": 1.0
    },
    "advection": {
      "lin_single": -0.03825998306274414,
      "mlp_single": -0.008534669876098633,
      "recon_relL2_median": 0.028792522847652435,
      "sigma_mean": 1.6487209796905518,
      "sigma_active_frac": 0.0,
      "logvar_mean_C": 1.0
    },
    "burgers": {
      "lin_single": 0.2738286852836609,
      "mlp_single": 0.884236216545105,
      "recon_relL2_median": 0.04461810365319252,
      "sigma_mean": 1.6487209796905518,
      "sigma_active_frac": 0.0,
      "logvar_mean_C": 1.0
    },
    "reaction_diffusion": {
      "lin_single": 0.7323813438415527,
      "mlp_single": 0.8044180870056152,
      "recon_relL2_median": 0.004828275181353092,
      "sigma_mean": 1.6487209796905518,
      "sigma_active_frac": 0.0,
      "logvar_mean_C": 1.0
    }
  },
  "V3+VICReg": {
    "heat": {
      "lin_single": 0.9698808789253235,
      "mlp_single": 0.9729771018028259,
      "recon_relL2_median": 0.03631282225251198
    },
    "advection": {
      "lin_single": -0.0566483736038208,
      "mlp_single": 0.0021206140518188477,
      "recon_relL2_median": 0.10082387179136276
    },
    "burgers": {
      "lin_single": 0.7523683309555054,
      "mlp_single": 0.8137022256851196,
      "recon_relL2_median": 0.04840526729822159
    },
    "reaction_diffusion": {
      "lin_single": 0.7906072735786438,
      "mlp_single": 0.8060418963432312,
      "recon_relL2_median": 0.01507629081606865
    }
  }
}