{
  "heat": {
    "a_mu_only": 0.42474257946014404,
    "b_one_sample": 0.012569103493201728,
    "c_mean_K_at_test": -465.1843566894531,
    "d_train_aug_test_mu": 0.12653346766470086,
    "e_train_aug_ensemble_test": 0.12080189991259427,
    "f_v3_vicreg": 0.9698808789253235
  },
  "advection": {
    "a_mu_only": -0.03825998306274414,
    "b_one_sample": -0.07162967711493051,
    "c_mean_K_at_test": -0.35272765159606934,
    "d_train_aug_test_mu": -0.03262209362830171,
    "e_train_aug_ensemble_test": -0.03438531227333885,
    "f_v3_vicreg": -0.0566483736038208
  },
  "burgers": {
    "a_mu_only": 0.2738286852836609,
    "b_one_sample": -0.028494051751964733,
    "c_mean_K_at_test": -11963.673828125,
    "d_train_aug_test_mu": 0.02948825521395204,
    "e_train_aug_ensemble_test": 0.027864095775832598,
    "f_v3_vicreg": 0.7523683309555054
  },
  "reaction_diffusion": {
    "a_mu_only": 0.7323813438415527,
    "b_one_sample": 0.5833174581008069,
    "c_mean_K_at_test": -13.97419261932373,
    "d_train_aug_test_mu": 0.6889607480975708,
    "e_train_aug_ensemble_test": 0.6754327393321218,
    "f_v3_vicreg": 0.7906072735786438
  }
}